Params;mean_fit_time;std_fit_time;mean_score_time;std_score_time;param_reg_param;param_tol;params;split0_test_score;split1_test_score;split2_test_score;mean_test_score;std_test_score;rank_test_score;split0_train_score;split1_train_score;split2_train_score;mean_train_score;std_train_score
{'reg_param': 0.0, 'tol': 0.01};0.3626571496327718;0.024240990023950762;0.13101744651794434;0.0033363311933070684;0.0;0.01;{'reg_param': 0.0, 'tol': 0.01};0.22735674676524953;0.22014925373134328;0.2294776119402985;0.22566646001239926;0.0039874739215458145;4;1.0;1.0;1.0;1.0;0.0
{'reg_param': 0.0, 'tol': 0.0001};0.34157522519429523;0.007595514467151177;0.1248318354288737;0.004154226697113729;0.0;0.0001;{'reg_param': 0.0, 'tol': 0.0001};0.22735674676524953;0.22014925373134328;0.2294776119402985;0.22566646001239926;0.0039874739215458145;4;1.0;1.0;1.0;1.0;0.0
{'reg_param': 0.0, 'tol': 1e-06};0.3397374947865804;0.007279253483352027;0.124665101369222;0.0033072913363557436;0.0;1e-06;{'reg_param': 0.0, 'tol': 1e-06};0.22735674676524953;0.22014925373134328;0.2294776119402985;0.22566646001239926;0.0039874739215458145;4;1.0;1.0;1.0;1.0;0.0
{'reg_param': 0.5, 'tol': 0.01};0.34140872955322266;0.004720391651936316;0.12015295028686523;0.006199523718445715;0.5;0.01;{'reg_param': 0.5, 'tol': 0.01};0.9408502772643254;0.875;0.8227611940298507;0.879727216367018;0.04836161106308416;1;0.8274253731343284;0.8783658310120706;0.9052924791086351;0.870361227751678;0.032289077649887456
{'reg_param': 0.5, 'tol': 0.0001};0.3449179331461589;0.013495965437853981;0.12232613563537598;0.002683979008489246;0.5;0.0001;{'reg_param': 0.5, 'tol': 0.0001};0.9408502772643254;0.875;0.8227611940298507;0.879727216367018;0.04836161106308416;1;0.8274253731343284;0.8783658310120706;0.9052924791086351;0.870361227751678;0.032289077649887456
{'reg_param': 0.5, 'tol': 1e-06};0.3430805206298828;0.005586943598141549;0.1235044797261556;0.0034358288721111105;0.5;1e-06;{'reg_param': 0.5, 'tol': 1e-06};0.9408502772643254;0.875;0.8227611940298507;0.879727216367018;0.04836161106308416;1;0.8274253731343284;0.8783658310120706;0.9052924791086351;0.870361227751678;0.032289077649887456
