Params;mean_fit_time;std_fit_time;mean_score_time;std_score_time;param_C;param_kernel;param_probability;param_random_state;params;split0_test_score;split1_test_score;split2_test_score;mean_test_score;std_test_score;rank_test_score;split0_train_score;split1_train_score;split2_train_score;mean_train_score;std_train_score
{'C': 1, 'kernel': 'linear', 'probability': True, 'random_state': 17};8.005001068115234;0.1258362569129024;1.3094778060913086;0.04775720612745137;1;linear;True;17;{'C': 1, 'kernel': 'linear', 'probability': True, 'random_state': 17};0.9001848428835489;0.9197761194029851;0.8694029850746269;0.8964662120272784;0.020702087900841944;1;1.0;1.0;1.0;1.0;0.0
{'C': 1, 'kernel': 'linear', 'probability': True, 'random_state': 42};7.961896181106567;0.08707262852486373;1.3074073791503906;0.04827002652281849;1;linear;True;42;{'C': 1, 'kernel': 'linear', 'probability': True, 'random_state': 42};0.9001848428835489;0.9197761194029851;0.8694029850746269;0.8964662120272784;0.020702087900841944;1;1.0;1.0;1.0;1.0;0.0
{'C': 5, 'kernel': 'linear', 'probability': True, 'random_state': 17};7.9742467403411865;0.10149777366432432;1.301495631535848;0.03954344056085913;5;linear;True;17;{'C': 5, 'kernel': 'linear', 'probability': True, 'random_state': 17};0.9001848428835489;0.9197761194029851;0.8694029850746269;0.8964662120272784;0.020702087900841944;1;1.0;1.0;1.0;1.0;0.0
{'C': 5, 'kernel': 'linear', 'probability': True, 'random_state': 42};7.9561294714609785;0.06827555633961868;1.29796036084493;0.03916875013462983;5;linear;True;42;{'C': 5, 'kernel': 'linear', 'probability': True, 'random_state': 42};0.9001848428835489;0.9197761194029851;0.8694029850746269;0.8964662120272784;0.020702087900841944;1;1.0;1.0;1.0;1.0;0.0
{'C': 10, 'kernel': 'linear', 'probability': True, 'random_state': 17};7.9676352341969805;0.0764858110915652;1.3119002978007;0.04876976002995682;10;linear;True;17;{'C': 10, 'kernel': 'linear', 'probability': True, 'random_state': 17};0.9001848428835489;0.9197761194029851;0.8694029850746269;0.8964662120272784;0.020702087900841944;1;1.0;1.0;1.0;1.0;0.0
{'C': 10, 'kernel': 'linear', 'probability': True, 'random_state': 42};7.9492043654123945;0.08341336150193948;1.3107815583546956;0.03654541425068395;10;linear;True;42;{'C': 10, 'kernel': 'linear', 'probability': True, 'random_state': 42};0.9001848428835489;0.9197761194029851;0.8694029850746269;0.8964662120272784;0.020702087900841944;1;1.0;1.0;1.0;1.0;0.0
