Params;mean_fit_time;std_fit_time;mean_score_time;std_score_time;param_random_state;params;split0_test_score;split1_test_score;split2_test_score;mean_test_score;std_test_score;rank_test_score;split0_train_score;split1_train_score;split2_train_score;mean_train_score;std_train_score
{'random_state': 17};74.3019146124522;0.15904050783411847;35.23197213808695;0.1785539606830084;17;{'random_state': 17};0.07763401109057301;0.07835820895522388;0.07835820895522388;0.07811531308121512;0.00034191558560435855;1;1.0;1.0;1.0;1.0;0.0
{'random_state': 42};74.48206051190694;1.5843989446056317;35.033595403035484;0.568862717376854;42;{'random_state': 42};0.07763401109057301;0.07835820895522388;0.07835820895522388;0.07811531308121512;0.00034191558560435855;1;1.0;1.0;1.0;1.0;0.0
