Params;mean_fit_time;mean_score_time;mean_test_score;mean_train_score;param_C;param_kernel;param_probability;param_random_state;params;rank_test_score;split0_test_score;split0_train_score;split1_test_score;split1_train_score;split2_test_score;split2_train_score;std_fit_time;std_score_time;std_test_score;std_train_score
{'probability': True, 'random_state': 17, 'C': 1, 'kernel': 'linear'};16.6707440217336;2.6628967920939126;0.9338900487125957;1.0;1;linear;True;17;{'probability': True, 'random_state': 17, 'C': 1, 'kernel': 'linear'};1;0.9021852237252862;1.0;0.9362591431556949;1.0;0.9633891213389121;1.0;2.5267390917131918;0.05390077541535615;0.025048812790606386;0.0
{'probability': True, 'random_state': 42, 'C': 1, 'kernel': 'linear'};15.309418439865112;2.8751889864603677;0.9338900487125957;1.0;1;linear;True;42;{'probability': True, 'random_state': 42, 'C': 1, 'kernel': 'linear'};1;0.9021852237252862;1.0;0.9362591431556949;1.0;0.9633891213389121;1.0;0.20380414132611663;0.19355389405880066;0.025048812790606386;0.0
{'probability': True, 'random_state': 17, 'C': 5, 'kernel': 'linear'};15.46713391939799;2.5989553928375244;0.9338900487125957;1.0;5;linear;True;17;{'probability': True, 'random_state': 17, 'C': 5, 'kernel': 'linear'};1;0.9021852237252862;1.0;0.9362591431556949;1.0;0.9633891213389121;1.0;0.28730397965552057;0.04825290679984479;0.025048812790606386;0.0
{'probability': True, 'random_state': 42, 'C': 5, 'kernel': 'linear'};15.4233078956604;2.6121737162272134;0.9338900487125957;1.0;5;linear;True;42;{'probability': True, 'random_state': 42, 'C': 5, 'kernel': 'linear'};1;0.9021852237252862;1.0;0.9362591431556949;1.0;0.9633891213389121;1.0;0.1906566593881719;0.002987080667478535;0.025048812790606386;0.0
{'probability': True, 'random_state': 17, 'C': 10, 'kernel': 'linear'};15.678135951360067;2.714554707209269;0.9338900487125957;1.0;10;linear;True;17;{'probability': True, 'random_state': 17, 'C': 10, 'kernel': 'linear'};1;0.9021852237252862;1.0;0.9362591431556949;1.0;0.9633891213389121;1.0;0.7557590391161875;0.13878491704831328;0.025048812790606386;0.0
{'probability': True, 'random_state': 42, 'C': 10, 'kernel': 'linear'};14.71516219774882;2.490859111150106;0.9338900487125957;1.0;10;linear;True;42;{'probability': True, 'random_state': 42, 'C': 10, 'kernel': 'linear'};1;0.9021852237252862;1.0;0.9362591431556949;1.0;0.9633891213389121;1.0;0.14444581059938363;0.027396680938066572;0.025048812790606386;0.0
